Rant,"""@cathaypacific service is great but business class seats on short haul are crap crap crap."""
Rant,"""@cathaypacific ticket booking allowed by phone or online until 1 hr before flight @mosermach @peresuau T_URL 暲_暲_暲__暲_暲_暲___ 暲_暲_暲__暲_暲_暲___"""
Rant,"""@easyjet.the worst checking luggage experience of my life.i had betterexperience with @airfrance @klm @united @cathaypacific"""
Rant,"""from wittersgram with repostapp this is me being grumpy with @cathaypacific i wonder if they暲_暲_暲__暲_暲_暲___ T_URL"""
Rant,"""in the @cathaypacific has been changed after 30years T_URL"""
Rant,"""no need to share a seat, one seat each in premium economy. @cathaypacific T_URL"""
Rant,"""thank you @cathaypacific - they must have heard of me... T_URL T_URL"""
Rant,"""@cathaypacific: @charliechauchau and hello !!"" had the best seat i've ever had as well _暲_暲_砬暲_暲__暲_暲_暲_暲_暲_暲__暲_暲_砬暲_暲__暲_暲_暲_暲_暲_暲__暲_暲_砬暲_暲__暲_暲_暲_暲_暲_暲_"""
Rant,"""alcohol will not be served to passengers under 18 years of age."" cathay pacific you are going to treat me so well."""
Rant,"""internal error"" or ""zero size object"" errors have plagued the @cathaypacific website today. @ozpower pleeeease fix."""
Rant,"""you know you are not supposed to take a photo. it is forbidden."" says an extremely scary cathay pacific lady.... T_URL"""
Rant,"""blocked seats' on cx312 were not seats reserved by @hkfs1958 , claims @cathaypacific T_URL"""
Rant,""" @cathaypacific 's line crew lacked professionalism by sticking that on l out of order sticker on the student leader's seat"""
Rant,""" @cathaypacific delays happen, but good airlines can handle them well and especially respect regular fliers"""
Rant,""" @cathaypacific girlfriend is vegetarian.it is on her profile &amp; she called ahead to confirm.at airport and now they say they do not have 1."""
Rant,""" @cathaypacific have a new website, and it is a good start, but offers and booking info link to legacy framework. T_URL"""
Rant,""".. although i suppose i was looking particularly dapper at lhr @cathaypacific check-in. now, after 12 hrs of claret, not so much. _暲_暲_砬暲_暲_韄暲_暲__暲_暲_暲_"""
Rant,""".. shame on you @cathaypacific for having incompetent and unprofessional employees. you knew about this situation hours ago"""
Rant,"""@cathaypacific did it and your colleague michelle leu in hk has been amazing. consider me as a client for life"""
Rant,"""@cathaypacific how is it possible that our confirmed seats from 4 months ago are no longer confirmed? nvr had this problem with @evaairus"""
Rant,"""@cathaypacific i arrived on cx738 from dxb this morning. i was in seat 14k (biz class) n left a black wallet either on seat or overhead bin"""
Rant,"""@cathaypacific i have not flown in a long time but they were nice to kid!me. i did recall one of the planes looking scarily old tho o_o"""
Rant,"""@cathaypacific is gonna get our $ mt @dhw682: @united is pushing us away. 5 calls &amp; still missing 10k reward miles. should it be this hard?"""
Rant,"""@cathaypacific passengers can now book tickets up to one hour before any scheduled flight departure T_URL via @btuk"""
Rant,"""@cathaypacific previewing mueslix. i think we can all agree fall is all about T_URL"""
Rant,"""@cathaypacific responded w ""no comment"" to ming pao inquiry abt hkfs' eason chung not being allowed to board, sorry for inconvenience"""
Rant,"""@cathaypacific thank you for returning the wallet we left on your plane. u guys rock! @tehrantimbo"""
Rant,"""@cathaypacific this morning: 1) website 2x crashing 2) website price rise 3) 3x calls to 24/7 no answer 4) ""price gone"" call 5) booked jal"""
Rant,"""@landlopers np! sadly havent been for ages..*sniff*..but j'adore ps im a @americanair ! @cathaypacific"""
Rant,""" hour delay by cathay _暲_暲_砬暲_暲_暲_暲_暲_暲_暲___暲_暲_砬暲_暲_暲_暲__ (at @cathaypacific) 暲_暲_暲__暲_暲_暲__暲_暲_憩 T_URL"""
Rant,"""05 days until australia seems ages but will be here before we know it @cathaypacific @australia T_URL"""
Rant,"""7 hours of delays/flying and we have finally made it to hk. looking forward to our @cathaypacific flight to alk! dreaming of an upgrade T_POS_EMO"""
Rant,""" hour flight delay? overworked flight attendants..and just an email saying sorry ? not impressed @cathaypacific"""
Rant,""" hour delay. cathay pacific you had one job......"""
Rant,"""acaltitude @aircanada fake reward program. they give you upgrade credits but will not let you use them. miss @cathaypacific @singaporeair"""
Rant,"""alandavies_5 @ceririchardson @cathaypacific about to board 9 hours late"""
Rant,"""alaskaair cathay pacific lounge at sfo would not accept my boardroom day pass code. please do not let this happen again."""
Rant,"""alipourkam its not @qantas, @cathaypacific, or @etihadairways first class, thats for sure! domestic 1st is a joke, but so much &gt; dom econ!"""
Rant,"""alpen_geoff where are you staying? i return to the us on tuesday with @cathaypacific in first! slowed down by slight cold."""
Rant,"""americanair @cathaypacific it is taken 3 days! i expect some kind of refund/upgrade, it is cost me $120 to pick it up &amp; i had to buy stuff!"""
Rant,"""americanair i did not see that, sry. have a flight booked on cathay pacific 12/17. do not have their record have aa's which is vlrxpd"""
Rant,"""americanair i used my aadvantage # when booking a flight to aus with cathay pacific and still shows 0 miles on my account"""
Rant,"""americanair i've been back from my trip for over a month. how come my cathay pacific miles have not transferred to aadvantage yet?"""
Rant,"""americanair please help i am stuck in cebu and @cathaypacific cannot find my ticket number"""
Rant,"""angelaayong owhh then do not have lor so sad. cathay pacific hahah"""
Rant,"""asholles cathay pacific would be a better option if flying to far east"""
Rant,"""asiamiles trouble to chec-in on line with cathay pacific even as marco polo member. no way i have to proceed to ariport counter every time"""
Rant,"""askamexuk does amex still have the cathay pacific gold card offer for platinum cards"""
Rant,"""ausbt @cathaypacific look at the poor old flight engineer down the back carrying the bags!!!"""
Rant,"""avgeekmel finally for now, then i will bore off, my ex wifes cousin is fo with cathay pacific. she is 22! youngest in the staff."""
Rant,"""b3108 cx @cathaypacific concept is a concept, do not think they are implementing it today. (they should just do it like nike)"""
Rant,"""barrychoi when i was in university and working for cathay pacific, taking the airport express bus was a treat because of the cost. 2/2"""
Rant,"""billrancic @cathaypacific do not hold your breath, pathetic customer service even as platinum marco polo member"""
Rant,"""billrancic @cathaypacific i really admire your marriage and everything about your son juss wish my daughter cld have wat your son have"""
Rant,"""blzdudetom that is true. we used to go with cathay pacific too, but we cannot be bothered going to heathrow again. _暲_暲_砬暲_暲_暲_暲_暲_暲_暲__"""
Rant,"""brandonavgeek @cathaypacific what is it? i've not seen it yet"""
Rant,"""briancajulis @cathaypacific wow. talk about unprofessional."""
Rant,"""briancajulis that is very unfortunate. T_NEG_EMO @cathaypacific"""
Rant,"""brianharrison72 &amp; @dcalhoun24 answered the quiz correctly: cathay pacific. congrats! unfortunately our website has no budget, so no prize."""
Rant,"""british_airways @cathaypacific are telling me a confirmed ba res does not mean i have a confirmed seat on their flights - what is this??!"""
Rant,"""british_airways thank you for waiting for me in hong kong. oh, wait, you did not and left me in the incapable hands of @cathaypacific . ugh"""
Rant,"""british_airways very irate! just been bumped to econ+ from bus by @cathaypacific so much for your 'partner' my res is 49bi64 (48x2kp)"""
Rant,"""british_airways well, luggage did not come over so awaiting news from cathay pacific ... ugh x 2"""
Rant,"""camza7 cathay pacific based out of hong kong but lived in qld. a lot more difficult but situation he was left with by hawke."""
Rant,"""cararcen i guess the fare for jakarta is much more expensive than tokyo because cathay pacific does not have direct flights to jakarta!"""
Rant,"""cathaypacific i have been a cathay pacific loyalty customer for more than twenty years. this is the first time i use my points for redeem."""
Rant,"""cathaypacific my mother in law needs assistance for her trip on cathay pacific how do we go about requesting for one?"""
Rant,"""cathaypacific thanks will fly @cathaypacific more better service than @qantas"""
Rant,"""cathaypacific very disappointed with your staff at the hong kong airport transit area!! makes me not want to fly @cathaypacific again!"""
Rant,"""cathaypacificca bag lost jfk&gt;yvr 48hrs ago, called baggage office 20x, left 3x vm, why not answer? how check real status? @cathaypacific"""
Rant,"""cathaypacificin @cathaypacific also,ur site hs a diff contact num for baggage services, i called there and spoke to june."""
Rant,"""cathaypacificin @cathaypacific ms.june was supposed to get bk to me before 5 pm today on the status. dint get any call..."""
Rant,"""cathaypacificin @cathaypacific not pro-active at all. i need to follow up for a mistake which has been committed at your end"""
Rant,"""cathaypacificin @cathaypacific really really upset by the level of service you have. never travel in life in cp."""
Rant,"""cathaypacificin @cathaypacific she asked me for baggage details,which i hd already given lst night and hs said ther is no update on the bag"""
Rant,"""cathaypacificin @cathaypacific team is in touch bcoz i hav been trying to get in touch. not the other way"""
Rant,"""cathaypacificin awaiting response. cannot get thru to baggage service office line. @cathaypacific"""
Rant,"""cathaypacificuk @cathaypacific online system down temporarily. when will it be back up? please respond"""
Rant,"""cathaypacificuk i'd much rather said that you have no idea what is wrong, than sending a solution to a problem i do not have. @cathaypacific"""
Rant,"""cathaypacificus @cathaypacific any info on this would be appreciated."""
Rant,"""cathaypacificus @cathaypacific is enhance still around - the webpage seems down?"""
Rant,"""cathaypacificus @cathaypacific what is going on with your website? have not been T_URL"""
Rant,"""cathaypacificus @cathaypacific what is going on with your website? have not been able to log into my marco polo for hours"""
Rant,"""ceririchardson @cathaypacific lots to say also about @dragonair but will calm down first!"""
Rant,"""ceririchardson @hmajor08 @cathaypacific waiting to track them"""
Rant,"""cleanblackheath @cathaypacific @cdg @hkg we still have no answer! why not warn passengers that their duty free will be confiscated?"""
Rant,"""cotedarmes @cathaypacific no waaay that is crazy! what happened?! _暲_暲_砬暲_暲_暲__鋾繽_暲_"""
Rant,"""csnl26 he overheard that word ""blacklist"" and asked staff, staff said it is hk gov information sent to @cathaypacific"""
Rant,"""cut_2_fit @trustaviation @designerjet @cathaypacific and more control in retrofit, ability to think outside the catalogue/box"""
Rant,"""cut_2_fit @trustaviation @designerjet @cathaypacific risk aversion and lack of innovation"""
Rant,"""cvergz @cathaypacific thanks for the kind words clarisse, glad we could do something small to help."""
Rant,"""davidwong1966 @cathaypacific is that why all the in town are full?"""
Rant,"""dgwbirch this has long been the case with @british_airways, in my experience. hence, my near-religious devotion to @cathaypacific."""
Rant,"""dragonair @cathaypacific dragonair owes me $400 because the agent made me cancel and rebook my ticket. having trouble contacting a human."""
Rant,"""dragonair @cathaypacific flight cx5859. rubbish incompetent companies! flight delayed for 1 plus hrs. luggage slow in arriving to carousel"""
Rant,"""dragonair @cathaypacific how can i get in touch to confirm that dragonair is refunding my ticket? sorry i do not have marco polo"""
Rant,"""drsuneet @amcj1 @mgkatz036 really liked cathay pacific. but it is been a few years."""
Rant,"""edward_lol_ cathay pacific!! why are you going everywhere for such a long time"""
Rant,"""expedia a9: cathay pacific just because they always have a stash of @haagendazs_us ice cream!"""
Rant,"""firdianshah1 @cathaypacific yeah. just some courtesy from the airline would have been nice. some.relatives waiting for us on the other side"""
Rant,"""fishspeakers hi. thanks for your message. we can confirm that cathay pacific does not fly over iraq, syria, afghanistan and ukraine."""
Rant,"""flyairnz real shame after paying 暲_暲__愆暲_暲_暲_6k for flights home we are charged another暲_暲__愆暲_暲_暲_25 for baby cot @virginatlantic @cathaypacific no such charges"""
Rant,"""flyertalkerina2 @cathaypacific we are at the @whongkong we leave tomorrow morning for tokyo then home tuesday in jal f!"""
Rant,"""gazammer @cathaypacific noodles are not so good. see you soon buddy"""
Rant,"""george_chen @cathaypacific wait until hour 14 and it will be worse."""
Rant,"""george_chen @helene_fr @cathaypacific @wong_jim does cx really need to fake dysfunctional seats to deny any passenger?"""
Rant,"""george_chen @helene_fr @cathaypacific what are the odds of having 3 broken seats on a flight where 3 were denied from taking their seats?"""
Rant,"""gindan82 hello.thank you for your message. did you book directly with cathay pacific or through an agent?"""
Rant,"""globalbeauteh @cathaypacific agree that business is _暲_暲_砬暲_暲_暲_暲_暲_暲_韄, and first is even better! _暲_暲_砬暲_暲_暲_暲_暲_暲_韄_暲_暲_砬暲_暲_暲_暲_暲_暲_韄_暲_暲_砬暲_暲_暲_暲_暲_暲_韄"""
Rant,"""globalbeauteh @cathaypacific no money needed if you use airline miles to book, cannot beat free!"""
Rant,"""helene_fr @cathaypacific the worst pr, cathay !"""
Rant,"""helene_fr @reporterphoenix shame on @cathaypacific"""
Rant,"""helene_fr i have been a big fan of @cathaypacific but this is a huge disappointment! whose order, from cx or cy or bj, to ban those seats?!"""
Rant,"""helene_fr maybe i speculate too much. maybe it is just because the seats were dysfunctional? think @cathaypacific should clarify to public?"""
Rant,"""helene_fr shame on @cathaypacific"""
Rant,"""hkairport @icao @cathaypacific did not allow me onto 16hr flight with unopened water from duty-free and blamed @tsa. all, i am a raisin!"""
Rant,"""hkdemonow @donplusn this notice has also been on the cathay pacific website for the past month or so too."""
Rant,"""hungryforpoints @cathaypacific i think 1st is too extravagant;that money should go towards food, medical &amp; education for those who need. _暲_暲_砬暲_暲_暲_暲__"""
Rant,"""hungryforpoints @cathaypacific i've taken their bus class to &amp; fro sg &amp; canada countless times. their economy 1x. they do business _暲_暲_砬暲_暲_暲_暲_暲_暲_韄 econ _暲_暲_砬暲_暲_暲_暲_暲_暲_暲_"""
Rant,"""hungryforpoints @cathaypacific yes - you do have a point with that. _暲_暲_砬暲_暲_暲_暲__ but to get points, you need to spend money _暲_暲_砬暲_暲_暲_暲_暲_暲_暲_暲_"""
Rant,"""iamlaurenmiller you could discuss funny misadventures, fave hotels/cities or u could tell ur side of the @cathaypacific debacle if u wanted"""
Rant,"""ingramtom @sethrogen in any case they suck as an airline. should be called cathay pathetic - rather than cathay pacific"""
Rant,"""jamescapetown @cathaypacific thanks! definitely worth it with them, but am writing a review about another airline where it is not."""
Rant,"""jamestomaslong cannot be transferred from an executive club account to your cathay pacific account. 2/2 ^charlotte"""
Rant,"""jayquu @chaptwo @tomcat335 but i bet @westjet and @cathaypacific will value my 50k loyalty since aircanada &amp; @acaltitude do not"""
Rant,"""jeannebee @jaunted let us go! jetblue did not start this. cathay pacific has had an all-asia pass for at least ten years, maybe 15."""
Rant,"""journodannyasia it apparently still involves boarding passes? (0:09) reinvigorated life goal of @cathaypacific mp diamond status."""
Rant,"""kevmulhern90 cathay pacific. voted worlds best airline last year, cannot say i agree though. much rather stick to emirates in the future!"""
Rant,"""kezzeroz @harrypusspuss @qantas @emirates @flyairnz @singaporeair @cathaypacific would someone in govt tell the truth ffs!"""
Rant,"""kg00hk @cathaypacific please feel free to drop us a line if you need any help. cheers. -pak &lt;"""
Rant,"""kg00hk @cathaypacific the fee will depend on how the ticket is changed. we are sorry if there is anything went wrong. &gt;&gt;"""
Rant,"""koala2l @cathaypacific this was my first time with them too and i do not know why! terrific airline and even better service!"""
Rant,"""kristelleann lol sure, lemme just talk to the airport to cancel your flight then to cathay pacific to book you in business with me _暲_暲_砬暲_暲_暲__鋾繽_暲_暲_暲_暲__暲_暲_暲__暲_暲__韄暲_暲_尗鋾繽_砬暲_暲_砺暲_暲_暲___暲_暲__韄暲_暲_尗鋾繽_砬暲_暲_砺"""
Rant,"""kuma @cathaypacific are you on the train now - we will have 30 minutes delay approximatelively ?"""
Rant,"""linksoflondonca i bought this @cathaypacific's duty free and there are already marks. how can i fix this? T_URL"""
Rant,"""marisvis unfortunately, cathay pacific is not a member of star alliance. you may be not able to check-in through from krabi to hongkong."""
Rant,"""mas kul flight was delayed an hour so @americanair took off early??, leaving 11 people stranded in hkg. @cathaypacific is trying to help."""
Rant,"""mizmaeb @cathaypacific i know right! t'was stupid since they also could't explain the reason behind!! _暲_暲_砬暲_暲_暲_暲_暲_暲_憩_暲_暲_砬暲_暲_暲_暲_暲_暲_憩 anyways, i miss hanging with you."""
Rant,"""mjberryman @aptronym @cathaypacific @airlivenet taipei airport back open, just landed, seems it was closed for a short period of time."""
Rant,"""niallxmurphy @cathaypacific @jaunted why the disappointment?"""
Rant,"""nicknopants i'm with seth on this one. @cathaypacific have terrible customer service policies - treated me really bad on my last flight."""
Rant,"""ninjaying @cathaypacific you can claim for your flight delays - check free here if you are entitled for compensation T_URL"""
Rant,"""oberon19501 @qantas yes, it is very disappointing. @cathaypacific were very sensitive to a pregnant traveller in comparison. q is seemingly"""
Rant,"""pathlesstravels @cathaypacific @qatarairways @expedia @nvrguys @midliferoadtrip that is the meal i always get :d"""
Rant,"""paulmozur @aptronym @cathaypacific looks like a bunch of other flights also aborting (just took this screenshot). T_URL"""
Rant,"""paulmozur sad to say, @cathaypacific doesn暲_暲_暲__暲_暲_暲__暲_暲__暲_暲_t do very well on twitter when it comes to these things. better luck with waiting for news."""
Rant,"""pcarson81 @sethrogen @cathaypacific i flew out to vancouver and was really worried because i could not get in touch with any1 either"""
Rant,"""pcarson81 @sethrogen @cathaypacific like there is nobody to call at the airport to check in but it ended up being ok"""
Rant,"""pchung00 hi patrick, as your wife's last flight was operated by cathay pacific, please advise your wife to contact them regarding her bag."""
Rant,"""peterchurchouse @cathaypacific strange how they are quick to institute them....."""
Rant,"""petripet but this wiener does not include pork meat! @mrbiq @cathaypacific @qatarairways @hellapoliisi"""
Rant,"""phillip_in_hk @cathaypacific @george_chen 4 decades of flying cathay &amp; never seen sign, despite having to endure a broken seat 9 hrs once"""
Rant,"""phillip_in_hk @cathaypacific @george_chen cathay would never make such a bold political statement would they?"""
Rant,"""phillip_in_hk @cathaypacific got your hand out already eh? T_POS_EMO"""
Rant,"""phillip_in_hk @cathaypacific in my 30 odd years of flying cathay i have never seen one of these. just saying."""
Rant,"""philmhills @lee_halford @cathaypacific i think they give a sense of perspective to the image, after all it will never make @airliners_net"""
Rant,"""planetchill makes me wanna fly @cathaypacific ! never been on their planes!!!"""
Rant,"""porterairlines as a frequent flyer i have missed flights on @aircanada and @cathaypacific but neither have ever charged me such a fee."""
Rant,"""pr51democrat on @americanair's partner @cathaypacific treated like royalty and treated like sh*t by aa gate agt, despite exp and bc seats?"""
Rant,"""priyaraju @prashanth but @jetairways is lame. @cathaypacific and @emirates are so much better"""
Rant,"""puilui_0302 @translatehk i guess it is very bad for cathay pacific reputation."""
Rant,"""qantas @cathaypacific bags how long does it take u 2 transfer biz class bags @ sydney? waiting over 48hrs in auckland for them!"""
Rant,"""qantas if a dragonair flight is delayed @cathaypacific will fix it whereas your response whenever @jetstarairways fucks up is ""oh well"""""
Rant,"""qantas poor decision by the aru re: @kurtley_beale as such i'm now flying @cathaypacific for my 15 flights to sydney yearly."""
Rant,"""qantas your lounge in hk is lovely but the wifi sucks! 4 hr layover and cannot get work done. time to move to @cathaypacific lounge"""
Rant,"""raichanxd why so expensive? &gt;.&lt; can u check cathay pacific? even from hk to seoul, it is cheaper"""
Rant,"""rishaadtv ..and i'm just wondering if we will see @cathaypacific reduce their surcharges!!!"""
Rant,"""robdvet cathay pacific cattle (that is not wagyu either)"""
Rant,"""rochellephoon cannot i tried and even called the customer service centre beforehand cathay pacific does not do it T_NEG_EMO"""
Rant,"""rokr_chik @cathaypacific best airline imo. have a blast. it will be a looooooong flight, but we will worth it. hope you got your shots &amp; meds"""
Rant,"""rommelparas we still do not find your ticket number in our system.regarding your email, we recommend you to contact cathay pacific airways."""
Rant,"""runwaygirl hi mary, are you free for a chat soon? we are now on all long-haul @british_airways and @cathaypacific flights! irenab"""
Rant,"""sethrogen @cathaypacific are you famous? i do not even know who you are."""
Rant,"""sethrogen @cathaypacific i dont believe them seth. they are not worth it. had the worst experience ever to which they treated me like h%&amp;t"""
Rant,"""sethrogen @cathaypacific no offense intended but could not someone pick up the dog? missing a funeral is worse than leaving dog behind."""
Rant,"""sethrogen @cathaypacific oh i flew this line once, awesome! the first class booths are killer and the webcam by the wheels is sick too"""
Rant,"""sethrogen @cathaypacific thanks seth, for putting kevin federline in your film because its 2003. hope this piece of shit movie was worth it"""
Rant,"""sethrogen @cathaypacific that makes me very happy. the only thing better is if they killed your stupid dog. diaf"""
Rant,"""sethrogen @cathaypacific they deserve 2 lose more customers because of their holier than thou attitude. flying? i wont even drive with them"""
Rant,"""sethrogen @cathaypacific they only tweet m-f on hong kong time. do not tweet them ""hello"" any other time. is this real?"""
Rant,"""sethrogen @cathaypacific they probably thought you were the dog."""
Rant,"""sethrogen @cathaypacific well i wont be traveling malaysian airline either!!!! staying home this xmas"""
Rant,"""sethrogen you are right @cathaypacific is terrible! bumped from my direct flight to given indirect flight and a meal coupon"""
Rant,"""sethrogen, you could have been so much cooler at this moment if you had resisted being such a major diva with @cathaypacific."""
Rant,"""simondingle @cathaypacific is especially bad. i know."""
Rant,"""smaldai do not remember but have not paid more than npr 100k. love the service of cathay pacific,austrian.did not like virgin&amp;continental."""
Rant,"""softdollaladies @americanair do not make me choose between my two faves! it is like asking me if i prefer cathay pacific or singapore."""
Rant,"""stegersaurus @cathaypacific what list is this cathaypacific? you dont pay your staff enough not to tell us! we will dig this up"""
Rant,"""sylvzc @sooner_sean cathay pacific has non-stop flights to chicago for a reason, but i'm sure you already knew that."""
Rant,"""thaiairways at bkk instead of 4 hours 50 minutes before. my onward flight is with cathay pacific and if you are unable to directly label my"""
Rant,"""thalys_en @cathaypacific no. just been told my train is only 20 mins late. assuming it keeps that schedule i should be ok."""
Rant,"""thalys_en i暲_暲_暲__暲_暲_暲__暲_暲__暲_暲_m scheduled on 8:52 to schipol. i暲_暲_暲__暲_暲_暲__暲_暲__暲_暲_m just wondering if @cathaypacific has an alternative way for me to get home."""
Rant,"""theflightdeal cannot go wrong with cathay pacific so i do not blame you T_POS_EMO those eqms it is what drives me for that long haul _暲_暲_砬暲_暲_暲_暲__."""
Rant,"""thegregfleet they said we had to wait til the next day. i said they needed to cover the cost for me to go home with cathay pacific暲_暲_暲__暲_暲_暲___"""
Rant,"""thejmcb @cathaypacific ikr. and the thing is none of the reps are even calling."""
Rant,"""thejmcb @cathaypacific nothing. they directed us to another terminal (and airline) then just stoped advising."""
Rant,"""thejmcb @cathaypacific yeah. we are still stuck here at the terminal with the other uninformed passangers."""
Rant,"""thepointsguy @cathaypacific surely that暲_暲_暲__暲_暲_暲__暲_暲__暲_暲_s economy"""
Rant,"""thepointsguy @cathaypacific yes that is only for their short haul routes. it is still cathay which makes a ok"""
Rant,"""thetheivina when got lot of ppl and you alone and scared not so fun. T_NEG_EMO but it is okay, almost over. never again cathay pacific."""
Rant,"""thewillsimmons @cathaypacific sorry to hear this. did u register the missing bag with baggage staff when u could not find your bag @ yvr?"""
Rant,"""timangt heard he is a vip on @cathaypacific too.. regular at hk"""
Rant,"""tk_helpdesk vs @cathaypacific worst versus best!thank you @cathaypacific for being an excellent airline to compensate my loss unlike@thy"""
Rant,"""tom_jackattack yep our manchester to london shuttle was more comfy than cathay pacific to oz!"""
Rant,"""tom_read @cathaypacific but i believe you, tom. sook."""
Rant,"""tom_read @cathaypacific really? i've had nothing but good experiences with them."""
Rant,"""trfoley man, with all of the money you spend on travel, i'm surprised you have not made yourself ceo of cathay pacific!"""
Rant,"""tripperhead @cathaypacific saw that, then underneath it says ""1. weight of any single piece of checked baggage should not be over 32kg"""""
Rant,"""trustaviation @cut_2_fit @designerjet @cathaypacific and actually the oem that allows its customers flex to differentiate will be winner."""
Rant,"""tsa explain to @cathaypacific that water purchased after security check is ok to bring on flt &amp; 300ml not 100ml bottles r ok too!"""
Rant,"""vegangreekgirl @sethrogen @cathaypacific just having a one bad experience and he told everyone to not fly with it. wow!"""
Rant,"""virginholidays was going to book my tickets to hong kong with u today. now i will not bother - looks like @cathaypacific is airline of choice"""
Rant,"""westjet @airlineflyer glad this is finally becoming a norm. been using power with @cathaypacific for years."""
Rant,"""willhuggett, seems @aircanada does not value loyalty. more options in the market now. @cathaypacific has a safer/comfier plane to hkg"""
Rant,""" red light at the boarding gate does not always mean a bad thing...thank you @cathaypacific! T_URL"""
Rant,"""aaargh...in the cathay pacific lounge in hk, where staff are actively pushing the champagne. does nothing for my 'man of the people' act."""
Rant,"""bout 5 hour left till i fly to kolkata with @dragonair @cathaypacific so exicted!!!"""
Rant,"""bout to board our next flight @cathaypacific to auckland. cx197. one of about 6 flights over the next few weeks."""
Rant,"""fter 10 days i have finally recived my luggage. unfortunatelly after when i am back home to hungary. @cathaypacific"""
Rant,"""fter @americanairlnes in 2010, this time check-in baggage lost with @cathaypacific @cathaypacificus / @dragonair !! pathetic it is."""
Rant,"""fter two weeks and 4 countries in now settled in my lovely @cathaypacific j seat. see you back in chicago!"""
Rant,"""hh shit now air asia gone case. what other airline to take? cathay pacific?"""
Rant,"""ll i wanna do is online check in so i do not get a back-of-plane middle seat on my 10mil hr flight to hk. too much to ask, @cathaypacific ?"""
Rant,"""ll i wanted was cathay pacific before bed and could not accomplish that . my first world issue got me in my bag"""
Rant,"""lso, never fly with cathay pacific if you have long legs because i was suffering it was the worst 23 hours of my life"""
Rant,"""mazed! my relatively lowly marco polo gold card earned an upgrade @cathaypacific - when for ages platinum got me zilch ..."""
Rant,"""mazing service from wendy @cathaypacific hk airport - flight cx749. thank you for helping us."""
Rant,"""nd @cathaypacific have not responded to online complaint i made 2 days ago. appalling customer service"""
Rant,"""nd cannot even reserve seats for return flight with @cathaypacific in 3 weeks time! famous customer service just shrugged"""
Rant,"""nd if you ask them to turn it down, you are an arse. gah ! you know who you are, cathay pacific lounge occupant."""
Rant,"""nd now there is a queue to check-in @arialv! missed all of today's conference thanks to @cathaypacific but cocktail reception just starting."""
Rant,"""nd we would argue over which airline is better.. singapore airlines or cathay pacific because you know, national pride and things"""
Rant,"""nother reason why @cathaypacific kicks @virginatlantic ass! look at the size of that touch screen! T_URL"""
Rant,"""nyone looking to book cathay pacific airways flight, lemme know before booking. i have few vouchers which i am looking to sell off..."""
Rant,"""pplied for the standard chartered amex card, got rejected, took 2 months. applied for the cathay pacific one yesterday, already approved."""
Rant,"""re @cathaypacific and @qatarairways working together??? my family is stuck in hk due to a delayed flight."""
Rant,"""rrived late in on connecting flight to thx to @cathaypacific for speeding up the transfer process at !!"""
Rant,"""s a child, i regularly flew on @cathaypacific and it was a premium travel experience. back on cx today and standards have clearly plummeted"""
Rant,"""s much as i love @cathaypacific @cathaypacificus two of your us staff had really bad attitude and made me feel really bad."""
Rant,"""t ewr waiting for @cathaypacific checkin desk to open, so find an airport bar to watch the @redskins game is the logical thing to do!"""
Rant,"""wful customer service @cathaypacific new zealand! stranded in akl - 27 hours delayed flight. no one from cathay even bothered to assist"""
Rant,"""am! just like that, upgraded to premium economy on @cathaypacific to will enjoy a little extra leg room T_POS_EMO thx guys!"""
Rant,"""een on hold for ages on the @cathaypacific phone line..."""
Rant,"""een sitting in cathay pacific for over an hour waiting for takeout that was supposed to be ready at 6 _暲_暲_砬暲_暲_暲_暲_暲_暲_韄_暲_暲_砬暲_暲_暲_暲_暲_暲_韄"""
Rant,"""ig thank you to @cathaypacific for being official airline partner of been wonderful meeting the chefs T_URL"""
Rant,"""leh. there are constantly delays with @cathaypacific! twice in a week!"""
Rant,"""oo. cathay pacific announced our flight delay 30 minutes before departure meaning everyone (including myself) was already at the gate."""
Rant,"""ook your up to one hour before departure with @cathaypacific! T_URL"""
Rant,"""ooked @cathaypacific. heard good things. both ways no seat selection, forced into worst spot for 12+ hrs. penalty for flying with kids?"""
Rant,"""oth @blakegarris &amp; i are in economy. they handed us menus with no prices. they just give away food &amp; drink on cathay pacific flights?!"""
Rant,"""tw @cathaypacific online check in system is down. system error. really? how timely."""
Rant,"""ut none of them have been cathay pacific, you dont really need to"""
Rant,"""alf injury bruising aboard cx173 hk to adl 18 dec staff walking into my media console. refund!! @cathaypacific T_URL"""
Rant,"""an anybody assist me with staff travel, trying to list with cathay pacific."""
Rant,"""an anybody assist with staff travel on cathay pacific? i am unable to complete our listing."""
Rant,"""an i just say... i love @cathaypacific. their fares are exactly what they claimed it would be on the edm and website. not bait and switch."""
Rant,"""an someone from @cathaypacific please contact me,,,,"""
Rant,"""annot believe cathay pacific are still flying b747-400s - average age 21.4 yrs! another reason to avoid at all costs! T_URL"""
Rant,"""annot believe that cathay pacific, are still flying b747-400s with an average age of 21.4 years!!! yet another reason to avoid at all costs!"""
Rant,"""annot check in with @cathaypacific online 48hrs pre flight as full. and no way of getting seats on phone. they just said ""sorry"""""
Rant,"""annot even get a cup of evian on my flight back from hkg to tpe, seems oneworld emerald is pretty useless with @cathaypacific"""
Rant,"""athay ow saphire baggage alowances: i cannot get a really straight answer out of anyone at cathay pacific: sit... T_URL"""
Rant,"""athay pacific: great seats are a must ""but service makes all the difference"" T_URL @cathaypacific @cathaypacificau"""
Rant,"""hampagne is what""s happening right now on cx830. good morning @cathaypacific T_URL"""
Rant,"""haos in pudong airport - all flights to hk delayed or canceled, no one knows anything. bang up service, @cathaypacific and @dragonair."""
Rant,"""heck-in and bag drop before i even board the train is another reason why @cathaypacific is the best in the world."""
Rant,"""hecked in online for my flight to hk and was warned by @cathaypacific that it is 11/16c and ""cold."" sounds like summer, it is -3c here!"""
Rant,"""hina, where blackface in film has no additional meaning @cathaypacific T_URL"""
Rant,"""ont.: when eason chung asked @cathaypacific staff what info airline had, the staff said its ""govt info"". then finally allowed to board."""
Rant,"""ontact customer service, send compliments and complaints - cathay pacific united states T_URL"""
Rant,"""ustomer is king! proven once more by @cathaypacific -&gt;ground crew made mistake, air crew immediately offered me a great solution! thanks!"""
Rant,"""x rupert hogg: cathay pacific is a long haul airline, will focus on business model that best serves customer needs"""
Rant,"""x347 in beijing, waited an hour on tarmac then made to get off plane. no directions or english speaking staff @cathaypacific"""
Rant,"""x884 hkg-lax now delayed by 150 mins (*at least*). feels like a slippery slope @cathaypacific. definitely gonna miss @united las connection"""
Rant,"""x884 takes off almost 3 hours late. not like @cathaypacific - which makes it all the worse."""
Rant,"""ear @cathaypacific are you aware that your online business class fares are almost double that of @aircanada ????"""
Rant,"""ear @cathaypacific i hope your plane gets better soon. sincerely暲_暲_暲__暲_暲_暲_暲_ in"""
Rant,"""ear @cathaypacific please can we have some information on the chaos at shanghai pudong? why no flights to hong kong?"""
Rant,"""ear ceo of every domestic airline: fly @cathaypacific once, come back home and make your airline do everything they do!"""
Rant,"""ear world - think twice flying @cathaypacific online check in - using airmiles ringing customer service mins wait"""
Rant,"""isgusted w/ @cathaypacific refusing to cancel our honeymoon flight to manila. fly in while others are being evacuated? typhoon"""
Rant,"""itched @cathaypacific due to @asiamiles expiration policy. after pilot news i think i should have gone with @singaporeair for dec flight."""
Rant,"""oes anyone know the planed op's of @cathaypacific freighter b-hul is? its my last one and in trying to track it down!"""
Rant,"""oes cathay pacific's new ""travel well"" slogan move it away from focus on staff? (staff not happy, will need to make more sacrifices)"""
Rant,"""rop luggage.. (@ cathay pacific in-town check-in in west kowloon) T_URL"""
Rant,"""ason chung is one of the @hkfs1958 members who were refused by @cathaypacific at airport when they tried to go to beijing in nov"""
Rant,"""ason chung of hkfs temp barred from boarding @cathaypacific flight fr tw to hk.overheard staff say word ""blacklist"" T_URL"""
Rant,"""ason chung of hkfs was originally meant to be on china airlines flight fr tw but overbooked so put on @cathaypacific flight instead."""
Rant,"""nroute to on @cathaypacific ... seat 42g ... later , been暲_暲_暲__暲_暲_暲___ T_URL"""
Rant,"""ntire premium economy row to myself! not a bad way to spend my very first @cathaypacific flight. T_URL"""
Rant,"""very time i want to say cation, i have to stop myself from not saying cathay pacific"""
Rant,"""xit row seating is 暲_暲_暲__暲_暲_暲__暲_暲_暲_暲_not suitable暲_暲_暲__暲_暲_暲__暲_暲_暲__ for deportees on @cathaypacific flights. good to know."""
Rant,"""eel strongly that @cathaypacific and @dragonair staff should not slop through the airport staring at smartphones. not a competent look"""
Rant,"""igure the airline was instructed by the regime, @jimrice_ @helene_fr still no good @cathaypacific promotion!"""
Rant,"""ingers crossed i will be able to make my connecting flight home. @cathaypacific"""
Rant,"""irst time on @cathaypacific! i hope the experience albeit a short one does not disappoint!"""
Rant,"""lew biz class @cathaypacific lost bag &amp; cx has nothing to tell me about status. its at t5 or t3 at lhr. paid 9k usd for tik. disappointed"""
Rant,"""lew sin-hkg biz class sun. of 48 biz pax, i was only pax that did not get meal choice - offered instant noodles @cathaypacific"""
Rant,"""lying @cathaypacific to hk for xmas with only 20kg allowance and us$60 per extra kg. for us$86 i can get a whole extra case on @virgin"""
Rant,"""lying @cathaypacific? hkg &gt; akl is 'mobile boarding pass ready', meerobot has processed another mobile boarding pass for that route!"""
Rant,"""lying back home to india by @cathaypacific tmrw, out of sfo. any change to flight status given the current weather conditions?"""
Rant,"""lying time again暲_暲_暲__暲_暲_暲_暲__暲_暲_尗鋾繽_砬暲_暲_砺暲_暲_暲__暲_暲_暲_暲__暲_暲_尗鋾繽_砬暲_暲_砺暲_暲_暲__暲_暲_暲_暲__暲_暲_尗鋾繽_砬暲_暲_砺on our way to暲_暲_暲__暲_暲_暲_暲_暲_暲_暲__暲_暲_尗鋾繽_砬暲_暲_砺la_暲_暲_砬暲_暲__暲_暲_暲___暲_暲_砬暲_暲__暲_暲_暲_暲__砬 with @kqdancekatya thank u @cathaypacific for the upgrade_暲_暲_砬暲_暲__暲_暲_暲_暲_暲_暲_ T_URL"""
Rant,"""or an asian carrier, @cathaypacific offers quite a bad service."""
Rant,"""or the lounge of a major airline at a major airport, @cathaypacific's beijing capital lounge is truly shoddy; a joke."""
Rant,"""or the many, many of you utterly enthralled by tales of @cathaypacific cx884, you will be happy to learn that it is boarding ; )"""
Rant,"""unny why their show is sponsored by singapore airlines and not cathay pacific leh????? maybe they pay and sia service is better gua"""
Rant,"""yi: if your headline reads ""bears drawn to cathay pacific"" and it is about the stock market instead of growling, i'm going to vow revenge."""
Rant,"""enuine question @cathaypacific - what do you think the advantage is of checking in online at t3 heathrow? seems to be none"""
Rant,"""lad i got done with asian flights a long time ago especially that cathay pacific it was a pathetic airline."""
Rant,"""reat for last minute or emergency travel! @cathaypacific allows ticket purchase up to one hour before departure T_URL"""
Rant,"""reat service from candy cheung at the hkia marco polo standby service desk @cathaypacific to save the weekend!"""
Rant,"""reat service on cx138 tonight. watching crew helping pax struggling with bags and babies @cathaypacific"""
Rant,"""rrrr.. the flights are always delayed when i'm on it... this time!! @cathaypacific"""
Rant,"""aving a miserable time trying to check in online with cathay pacific, just getting system error messages, very inconvenient!"""
Rant,"""ello @cathaypacific! i want to ask about my flight ticket whether i change my ticket to open ticket or not and is there any charge for it?"""
Rant,"""ello @cathaypacific. you canceled your flights without warning. way to go christmas spirit! T_URL"""
Rant,"""ey @cathaypacific - exemplary crews in business today on cx417 &amp; cx729. they all were above &amp; beyond. you must reward them. happy holidays!"""
Rant,"""ey @cathaypacific and @asiamiles ur hotline, 85227475500 does not work. it drops all calls."""
Rant,"""ey @cathaypacific my suitcase wheels were broken flying with you to the up from aus. can you fix them for me in hong kong?"""
Rant,"""ey, @cathaypacific . every single time i've taken your airline in the past 2 years, it has been delayed. just a question: why?"""
Rant,"""ey,@drrkadrrka @cathaypacificus agree but need to conserve pts. if @cathaypacific wants to sponsor us we will write about it"""
Rant,"""i @cathaypacific - if i have two separate tickets (syd-hkg and hkg - lhr) can i check my bags all the way from syd? only in hkg 15hrs"""
Rant,"""i @cathaypacific i'm flying on your 77w + 333 service in economy(v) soon. what adapter, if any, will i need to use own headphones please?"""
Rant,"""i @cathaypacific why does prem econ have blankets on seats prior to boarding while econ class has to request to get one? is better?"""
Rant,"""i @cathaypacific, what is the price for each more kilo in my luggage ? limit is 30. flight from perth to paris. thank you !!"""
Rant,"""i @jiggy_c we understand that the team is in touch with you and will keep you updated with the details of your baggage. @cathaypacific"""
Rant,"""i @jiggy_c, we are sorry to hear about this experience, please do share with us your contact details via dm to assist you @cathaypacific"""
Rant,"""old the line of cathay pacific for 10 mins ... keep going"""
Rant,"""old the phone: third (so far) delay to @cathaypacific mnl to hkg (cx918). has this flight ever left on time? will it ever leave on time?"""
Rant,"""ooray, i'm gonna be stranded in hong kong because cathay pacific does not know how to fuel a plane"""
Rant,"""oping the cathay pacific flight itself is better than the weird situation we are in, waiting to get into the gate area."""
Rant,""" almost missed my flight back to la from hk today but these guys were so efficient! @cathaypacific is the best! T_URL"""
Rant,""" cannot finalize an online check in with cathay pacific, as the local office has already taken control, whatever that means. crazy."""
Rant,""" do not know if this is just normal for @cathaypacific to received uncountable issues regarding flights."""
Rant,""" do not think my @cathaypacific flight from mnl to hkg (cx918) has ever *not* been late - but this is the earliest i've seen them confirm it"""
Rant,""" guess @cathaypacific does not believe men should be changing diapers. or is it purely a female role? T_URL"""
Rant,""" hate when celebs like @sethrogen have a public attempt at hurting a business like @cathaypacific over a private matter. fucking pathetic."""
Rant,""" have a to add @cathaypacific to my list of airlines that i will never fly again. late flights and poor customer service."""
Rant,""" know cathay pacific is good la, but making a journey that could have been 4 hours into a 6 hour journey is ridiculous."""
Rant,""" like the new updated @cathaypacific logo. they just need to update their twitter page with the same. T_POS_EMO"""
Rant,""" love @cathaypacific but what will i do for another 14 hours on the airplane without wifi T_NEG_EMO(( tweet me suggestions?"""
Rant,""" love a free upgrade T_POS_EMO this means i will actually be able to sleep! thank goodness!! first stop on @cathaypacific!"""
Rant,""" recently flew @cathaypacific economy &amp; @british_airways economy... who do you think had the better product?"""
Rant,""" spend over $250k on travel and have told my agency not to use @cathaypacific as a result of this. @pollycaldow"""
Rant,""" supposed to be in hk around 10 am. due to disappointing failure of @cathaypacific , i'm still here at naia 3. _暲_暲_砬暲_暲_暲_暲_暲_暲_暲__暲_暲_砬暲_暲_暲_暲_暲_暲_暲__暲_暲_砬暲_暲_暲_暲_暲_暲_暲__暲_暲_砬暲_暲_暲_暲_暲_暲_暲_ T_URL"""
Rant,""" think if i'd named my excess bags henry and bought him a ticket, it would have been a third of what i just paid to cathay pacific"""
Rant,""" thought i was done with coding bugs today. internal server error from @cathaypacific means i cannot check in for my flight. great."""
Rant,""" thought i was the only nigga that would fuck a cathay pacific flight attendant lol. @fuckusluts T_URL"""
Rant,""" thought there was only a la carte menu in @cathaypacific the wing restaurant taking 20+ min to prepare. found out too late also a buffet."""
Rant,""" was once grounded on tarmac in china on a cathay pacific flight for 24 hours. total of 40 hours on the same plane as we left from j'bourg"""
Rant,"""'m in gibraltar and it is quite nice. would be better if my bags were here too. neither @british_airways nor @cathaypacific are helpful."""
Rant,"""'m supposed to be traveling to asia but @cathaypacificus @cathaypacific you have delayed my flight. me! T_URL"""
Rant,"""'ve clearly been using the wrong airlines! T_NEG_EMO @winesearcher @cathaypacific T_URL"""
Rant,"""'ve just learned that cathay pacific air is doing work on their website so that is why i cannot complete my check in. what timing!"""
Rant,"""'ve moved to the cabin, a fairly central cathay pacific business/first lounge. there is a small, nice buffet &amp; lots of comfy seating."""
Rant,"""f us based airlines gave travelers the same experience as asian airlines do, there would never be the need for gov bailout @cathaypacific"""
Rant,"""f you enjoy customer service that is so shit, it almost feels like a parody, try dealing with cathay pacific on the phone."""
Rant,"""f you are gonna cancel a flight' and transfer us to another airline, atleast have the decency to be urgent.... @cathaypacific"""
Rant,"""m back in hong kong, my hk phone no. +852 6251 8085, feel free to call me if u wanna cycling tgt @cathaypacific T_URL"""
Rant,"""n 2010, a cathay pacific flight from surabaya experienced engine problems because it had been refuelled with contaminated fuel at surabaya."""
Rant,"""nsanely good redemption deal on @cathaypacific from hk -&gt; ho chi minh. shame my departure is a week later! T_URL"""
Rant,"""s just me, or does @cathaypacific's new logo look like a shark fin? must be one of their so-called sustainable ones. T_URL"""
Rant,"""s this really keeping passengers informed, @cathaypacific? flights canceled because reasons."""
Rant,"""t has been inconvenient to claim mileage with @cathaypacific ever since they change their system."""
Rant,"""t speaks so much of my personality when i am thinking more of the cathay pacific presentation than my math ia, and they are on the same day"""
Rant,"""t sucked that u changed my flight w/o my permission, said my checked bag would come, now i have no bag @americanair @cathaypacific"""
Rant,"""t sure was ""inoperative"". yea. qt @cathaypacific ""we always place an indicator when seats are found inoperative. hope it clarifies!"""""
Rant,"""t was happening in @incheon airport 1, this lady is said to work at @cathaypacific. she has no manner! 3 dec 14. T_URL"""
Rant,"""t is been two days, @cathaypacific ... where the heck is my luggage?!"""
Rant,"""van chu, ceo of @cathaypacific says: ""we have never asked for - or received - government subsidies."" dig at @etihadairways @qatarairways?"""
Rant,"""ust boardedT_POS_EMO see you in a month uk_暲_暲_砬暲_暲_暲_暲_暲_邃暲_暲_ @cathaypacific"""
Rant,"""ust checked in for my @cathaypacific flight to hong kong tomorrow. excited does not even cover it!"""
Rant,"""ust landed in hk after 15 hr flight. thanks @cathaypacific for comfortable coach experience"""
Rant,"""ust left @cathaypacific @finnair business lounge @heathrowairport : smaller than but much quieter and v. peaceful"""
Rant,"""ust so everyone knows, do not fly cathay pacific if you do not wanna be stuck in hong kong for the night and throw out all your plans _暲_暲_砬暲_暲_暲_暲_暲_暲_韄"""
Rant,"""lm is one of the few airlines that at least tries to improve booking process. cathay pacific, japan air, mis暲_暲_暲__暲_暲__暲_螈re."""
Rant,"""udos to @cathaypacific , for serving an ice cream that made me happy 暲_暲_暲__暲_暲_暲___"""
Rant,"""earn about @cathaypacific 暲_暲_暲__暲_暲_暲__暲_暲__暲_暲_s staff, how they feel about what they do and ask them a question! T_URL"""
Rant,"""ol i暲_暲_暲__暲_暲_暲__暲_暲__暲_暲_m just about to book a flight and @cathaypacific was an option. well, not any more. thanks for the warning alex."""
Rant,"""ol so done with cathay pacific... 3 out of 4 flights delayed...."""
Rant,"""ooking forward to seeing @hmajor08 but she is stuck in hk thanks to @cathaypacific"""
Rant,"""oving the @cathaypacific mobile check-in &amp; boarding pass. thank you for creating a wonderful morning experience. T_URL"""
Rant,"""ucky i still have a priority pass card. in the louis tavern cip lounge now. nothing amazing but miles better than @cathaypacific"""
Rant,"""ajor fail for @cathaypacific airways , i am told today flight cx925 does not exist. T_URL"""
Rant,"""an 48 hours to check in and its not letting me check in. @cathaypacific i hope the good seats are not taken when i wake tomorrow T_POS_EMO"""
Rant,"""anaged to snag coveted 1a on @british_airways flight by using my @cathaypacific marco polo gold card to select it for free"""
Rant,"""any thanks to @cathaypacific staff erick in manila for attentive service after we missed our flight."""
Rant,"""mmm rt @kevinouyang: @expedia a9: cathay pacific just because they always have a stash of @haagendazs_us ice cream!"""
Rant,"""ore poor service @cathaypacific india. as gold member disappointed after people told no benefits, blocked name T_URL"""
Rant,"""t ""@landlopers: is premium economy worth it? @cathaypacific case study T_URL"""
Rant,"""ustrav: traveller letters: cathay pacific's star shines bright on service: it is that sort of customer service... T_URL"""
Rant,"""y @cathaypacific flights have been so awesome on this trip. complimentary upgrades for both legs. i love being"""
Rant,"""y amazing experience with cathay pacific when i missed connecting flight from hongkong to jakarta due暲_暲_暲__暲_暲_暲___ T_URL"""
Rant,"""y family stuck in hk due to the shitty management of @cathaypacific."""
Rant,"""y flight is on the 19th, but @cathaypacific customer relations said they will contact me within ""20 business days""."""
Rant,"""y last long-haul flight was cathay pacific first class. with few exceptions, there is nowhere to go but down. though ba business is not bad."""
Rant,"""ever fly @cathaypacific! worst treatment ever in hong kong, &amp; even for business class travellers!!"""
Rant,"""ew experiences in air travel: cathay pacific weigh your carry on at check in to check it is 7kg, smart gates for departure."""
Rant,"""o airline does the upgrade thing better than @cathaypacific. just got bumped again to biz class. great start to my hk weekend"""
Rant,"""o letdowns so far, since i left manila and now that im coming back. @cathaypacific _暲_暲_砬暲_暲_暲_暲_暲_暲_砺_暲_暲_砬暲_暲_暲_暲_暲_暲_砺_暲_暲_砬暲_暲_暲_暲_暲_暲_韄_暲_暲_砬暲_暲_暲_暲__ T_URL"""
Rant,"""o lost love. cathay pacific about its relationship with qantas: ""we feel [it] is about where it should be."" T_URL"""
Rant,"""o point giving diamond members buggy tickets to their gate at check in if you do not give one to their wives. very insulting @cathaypacific"""
Rant,"""ot impressed with @cathaypacific customer service rerouted to manila. let us see if they can actually have someone call back within an hour."""
Rant,"""ot sure how i feel about cathay pacific's rebranding and new logo.. i am resistant to change!! like, why fix if it ain't broke?"""
Rant,"""ot sure what is happened to @virginactiveuk over the past years. not what they used to be! should check out @cathaypacific for some tips."""
Rant,"""ot too impressed with the quality of @cathaypacific flight to nz. not the same as i remembered n expected from asian airlines T_NEG_EMO"""
Rant,"""ow calling cathay pacific air in hong kong as no one is answering any of the phones in the philippines. a long wait to speak to a human."""
Rant,"""ff for early flight to the uk with @cathaypacific, hope recent terrible experience only applies to their uk marketing team."""
Rant,"""ff to hong kong in a while but we are having trouble with our cancelled flight. shame on you , very poor customer service @cathaypacific"""
Rant,"""h @cathaypacific ... why do you fail me so? lost luggage and a lack of response when you said you would = very disappointed customer )-:"""
Rant,"""h dear not so good this time around @cathaypacific checking in over 4 hr ahead of flight &amp; honeymoon couple cannot sit together?"""
Rant,"""h thanks, @cathaypacific for sticking me in the inside seat for all four legs of my trip with you. thanks ever so much."""
Rant,"""h wow, @cathaypacific is changing their logo. looks simple but fresh _暲_暲_砬暲_暲_暲_暲_暲_暲_韄"""
Rant,"""k flight from hkg-nyc, shame the only meal left was dried ramen noodles *yik* @cathaypacific"""
Rant,"""n cx889 and found out my blanket packaging is ripped open. stewardess made some silly excuse and refused to change it T_NEG_EMO @cathaypacific"""
Rant,"""nboard today, i was reminded by @cathaypacific that it is my 15 year anniversary flying with them. that is half my life. i feel old!"""
Rant,"""oo taking cathay pacific. apparently idk anything about my flight hahahah."""
Rant,"""aid an extra 7k to @cathaypacific to pre-book my seat - it is been cancelled. told me to call reservations. roni, help?!"""
Rant,"""ay a fortune to fly with @british_airways to cpt and stay within @traveloneworld and still do not get full i miss @cathaypacific"""
Rant,"""eople will mock the new cathay pacific logo for being so small a change, but sometimes simplicity is all you need. it is a nice update."""
Rant,"""oor performance from @cathaypacific, my 3 flights late in 5 days, and missed then 4th, and very poorly handled issue. i will be ex gold card."""
Rant,"""remium economy at @cathaypacific might as well be first class - spent the whole flight to hk squealing over everything _暲_暲_砬暲_暲_暲_暲_暲_暲_暲__暲_暲_砬暲_暲_暲_暲_暲_暲_韄暲_暲_暲__暲_暲_暲_暲__暲_暲_尗鋾繽_砬暲_暲_砺"""
Rant,"""ut your foot @cathaypacific i'm already tired."""
Rant,"""eally disappointed at @cathaypacific that they ended up not kicking out of the plane just making our plane late over 20 mins."""
Rant,"""eceived mobile boarding pass +/- 1min after check-in on @cathaypacific plus gave me 2.5hrs to spare"""
Rant,"""equalified 4 after 6 months (5 mo ago) yet sadly still no @cathaypacific. T_URL"""
Rant,"""est! rt @bryanmmoore: i love @cathaypacific but what will i do for another 14 hours on the airplane without wifi T_NEG_EMO(( tweet me suggestions?"""
Rant,"""ighty-oh, for the next 13 hours i am the guest of cathay pacific. so it is me, donna tartt's ""the goldfinch"" and a lot of champagne. ttfn."""
Rant,"""t @5ssupply: i have a to add @cathaypacific to my list of airlines that i will never fly again. late flights and poor customer service."""
Rant,"""t @agentm: both @blakegarris &amp; i are in economy. they handed us menus with no prices. they just give away food &amp; drink on cathay pacific f暲_暲_暲__暲_暲_暲___"""
Rant,"""t @alexmorph: thank you to @cathaypacific for delaying my flight and making me pay for my connection .... wow , number 1 airline in the wo暲_暲_暲__暲_暲_暲___"""
Rant,"""t @blersing: paid an extra 7k to @cathaypacific to pre-book my seat - it is been cancelled. told me to call reservations. roni, 暲_暲_暲__暲_暲_暲___"""
Rant,"""t @brendyne57: @sethrogen @cathaypacific my father flies with them 20 times a year, never a problem. you have one bad flight and tell ever暲_暲_暲__暲_暲_暲___"""
Rant,"""t @briancajulis: cathay pacific cancelled a a manila to hong kong flight a few hours before schedule, without informing passengers. premiu暲_暲_暲__暲_暲_暲___"""
Rant,"""t @btuk: .@cathaypacific passengers can now book tickets up to one hour before any scheduled flight departure T_URL"""
Rant,"""t @charlieisaacs: wheels up here's my flight crew on @cathaypacific well maybe not -see you in 15 hours T_URL"""
Rant,"""t @cut_2_fit: ""why are line fit a/c interiors less modern and attractive than retrofit interiors?"" toby smith @cathaypacific harmonisation暲_暲_暲__暲_暲_暲___"""
Rant,"""t @darrenhultgreno: wow the worst treatment of business passengers ever by @cathaypacific in - will never fly with"""
Rant,"""t @excel99: it has been inconvenient to claim mileage with @cathaypacific ever since they change their system."""
Rant,"""t @fion_li: cathay pacific staff said was notified by china that student leaders' home return permits no longer valid: tvb footage"""
Rant,"""t @fivestarasia: requalified 4 after 6 months (5 mo ago) yet sadly still no @cathaypacific. T_URL"""
Rant,"""t @flyinpotatoes: in 2010, a cathay pacific flight from surabaya experienced engine problems because it had been refuelled with contaminat暲_暲_暲__暲_暲_暲___"""
Rant,"""t @foodiehk: @cathaypacific you never fail us. we are... T_URL T_URL"""
Rant,"""t @gantlaw: i spend over $250k on travel and have told my agency not to use @cathaypacific as a result of this. @pollycaldow"""
Rant,"""t @george_chen: @helene_fr i have been a big fan of @cathaypacific but this is a huge disappointment! whose order, from cx or cy or bj, to暲_暲_暲__暲_暲_暲___"""
Rant,"""t @giantrobot7: cathay pacific check in lady didnt say anything even though we are 3 kilos over...thank you"""
Rant,"""t @globetrotscott: ivan chu, ceo of @cathaypacific says: ""we have never asked for - or received - government subsidies."" dig at @etihadair暲_暲_暲__暲_暲_暲___"""
Rant,"""t @hennartonline: rest! rt @bryanmmoore: i love @cathaypacific but what will i do for another 14 hours on the airplane without wifi T_NEG_EMO(( t暲_暲_暲__暲_暲_暲___"""
Rant,"""t @hkdemonow: 'blocked seats' on cx312 were not seats reserved by @hkfs1958 , claims @cathaypacific T_URL"""
Rant,"""t @hkdemonow: eason chung is one of the @hkfs1958 members who were refused by @cathaypacific at airport when they tried to go to暲_暲_暲__暲_暲_暲___"""
Rant,"""t @hkworldcity: @stegersaurus @cathaypacific what list is this cathaypacific? you dont pay your staff enough not to tell us! we will dig t暲_暲_暲__暲_暲_暲___"""
Rant,"""t @hohofatt: @timangt heard he is a vip on @cathaypacific too.. regular at hk"""
Rant,"""t @iamlaurenmiller: 暲_暲_暲__暲_暲_暲__暲_暲_暲_暲_@pcarson81: @sethrogen @cathaypacific so in other words they are ok about taking your money, not ok about fulfilling 暲_暲_暲__暲_暲_暲___"""
Rant,"""t @iamlaurenmiller: 暲_暲_暲__暲_暲_暲__暲_暲_暲_暲_@sethrogen: i advise everyone to never fly @cathaypacific if possible. they are bad people.暲_暲_暲__暲_暲_暲__暲_暲_暲__ the worst!!!!"""
Rant,"""t @ianthubron: feel strongly that @cathaypacific and @dragonair staff should not slop through the airport staring at smartphones. not a co暲_暲_暲__暲_暲_暲___"""
Rant,"""t @jenellehultgren: never fly @cathaypacific! worst treatment ever in hong kong, &amp; even for business class travellers!!"""
Rant,"""t @jimrice_: @helene_fr @reporterphoenix shame on @cathaypacific"""
Rant,"""t @johnwoodrtr: i disagree with seth rogen. i've flown @cathaypacific between us and asia for 20+ years, and they are the best team in the 暲_暲_暲__暲_暲_暲___"""
Rant,"""t @jonathanshalit: wake up @british_airways treat customers better. @cathaypacific sets an example. way ignorant ba staff treated 82 year 暲_暲_暲__暲_暲_暲___"""
Rant,"""t @jumpseatpro: in the @cathaypacific has been changed after 30years T_URL"""
Rant,"""t @koala2l: @planetchill makes me wanna fly @cathaypacific ! never been on their planes!!!"""
Rant,"""t @landlopers: @jamescapetown @cathaypacific thanks! definitely worth it with them, but am writing a review about another airline where it暲_暲_暲__暲_暲_暲___"""
Rant,"""t @leemilton: someone has changed the word ""the"" with ""potato"" in half of the history section of cathay pacific's wikipedia article. it is 暲_暲_暲__暲_暲_暲___"""
Rant,"""t @leishachi: as a child, i regularly flew on @cathaypacific and it was a premium travel experience. back on cx today and standards have c暲_暲_暲__暲_暲_暲___"""
Rant,"""t @matthewmarshhk: @cathaypacific say i've flown 2mm miles with them since 1992. @nasa went to moon and back (500k miles) in a week. in 19暲_暲_暲__暲_暲_暲___"""
Rant,"""t @mjberryman: @paulmozur @aptronym @cathaypacific looks like a bunch of other flights also aborting (just took this screenshot). T_URL"""
Rant,"""t @mkcol: managed to snag coveted 1a on @british_airways flight by using my @cathaypacific marco polo gold card to select it for free"""
Rant,"""t @paulmozur: @mjberryman @aptronym @cathaypacific @airlivenet taipei airport back open, just landed, seems it was closed for a short peri暲_暲_暲__暲_暲_暲___"""
Rant,"""t @pbmmw: i've clearly been using the wrong airlines! T_NEG_EMO @winesearcher @cathaypacific T_URL"""
Rant,"""t @pcarson81: @sethrogen @cathaypacific so in other words they are ok about taking your money, not ok about fulfilling the service part?"""
Rant,"""t @pollycaldow: shame on you @cathaypacific . no compassion following my fathers death. no service. totally appalled."""
Rant,"""t @prkdmc: @pr51democrat on @americanair's partner @cathaypacific treated like royalty and treated like sh*t by aa gate agt, despite exp a暲_暲_暲__暲_暲_暲___"""
Rant,"""t @reporterphoenix: figure the airline was instructed by the regime, @jimrice_ @helene_fr still no good @cathaypacific promotion暲_暲_暲__暲_暲_暲___"""
Rant,"""t @rothyrothy: t-9 hrs to take off! @cathaypacific @anjulielatta T_URL"""
Rant,"""t @runwaygirl the 10 small things @cathaypacific does to make economy class special T_URL"""
Rant,"""t @sarindau: @cathaypacific service is great but business class seats on short haul are crap crap crap."""
Rant,"""t @sassylassee: @sethrogen @cathaypacific no offense intended but could not someone pick up the dog? missing a funeral is worse than leavin暲_暲_暲__暲_暲_暲___"""
Rant,"""t @seetastedo: big thank you to @cathaypacific for being official airline partner of been wonderful meeting the chefs T_URL"""
Rant,"""t @sethrogen: @andrewau @cathaypacific @alibullock too late but thanks. they made us wait 1.5 hours at check in before they told us, so it暲_暲_暲__暲_暲_暲___"""
Rant,"""t @sethrogen: @thegracehuang @cathaypacific it is too late! she is missing the funeral. they were not able to help us."""
Rant,"""t @sethrogen: @thegracehuang @cathaypacific not in the slightest way. but i appreciate your empathy. really. thanks."""
Rant,"""t @sethrogen: @thegracehuang @cathaypacific they were very polite in explaining that they were fucking us horribly."""
Rant,"""t @sethrogen: i advise everyone to never fly @cathaypacific if possible. they are bad people."""
Rant,"""t @sethrogen: my wife is missing a funeral because @cathaypacific would not let her and our dog on a plane after they let us book the trip 暲_暲_暲__暲_暲_暲___"""
Rant,"""t @sethrogen: next time you are about to book a flight on @cathaypacific just remember this tweet, and then book another airline, because t暲_暲_暲__暲_暲_暲___"""
Rant,"""t @sethrogen: thanks @cathaypacific for your promise to change your communication with your passengers and apology. we cool? we cool."""
Rant,"""t @stegersaurus: .@cathaypacific responded w ""no comment"" to ming pao inquiry abt hkfs' eason chung not being allowed to board, sorry for 暲_暲_暲__暲_暲_暲___"""
Rant,"""t @stegersaurus: cont.: when eason chung asked @cathaypacific staff what info airline had, the staff said its ""govt info"". then finally al暲_暲_暲__暲_暲_暲___"""
Rant,"""t @stegersaurus: eason chung of hkfs temp barred from boarding @cathaypacific flight fr tw to hk.overheard staff say word ""blacklist"" T_URL"""
Rant,"""t @tardysarah: @cathaypacific changed to old plane, seats gone, split up from partner &amp; only put together after an argument"""
Rant,"""t @tehrantimbo: .@cathaypacific i arrived on cx738 from dxb this morning. i was in seat 14k (biz class) n left a black wallet either on se暲_暲_暲__暲_暲_暲___"""
Rant,"""t @thewanderlister: these @delaynomore keepsake felt bags on @cathaypacific are so cool. T_URL"""
Rant,"""t @winglets747: no lost love. cathay pacific about its relationship with qantas: ""we feel [it] is about where it should be."" T_URL"""
Rant,"""t @wong_jim: @cathaypacific you will not get another dime from me"""
Rant,"""t @xinwenxiaojie: cathay pacific confirms crew member refused entry in shanghai, reason not given.whatsapp msg claims related to htt暲_暲_暲__暲_暲_暲___"""
Rant,"""t @xinwenxiaojie: cathay pacific says seats ""do not occupy"" stickers were not the ones marked by @hkfs1958 reps T_URL @he暲_暲_暲__暲_暲_暲___"""
Rant,"""t @zijing_wu: btw @cathaypacific online check in system is down. system error. really? how timely."""
Rant,"""ecured my first-ever @cathaypacific for easter holiday!!! so this is what it feels like..."""
Rant,"""eriously @cathaypacific how am i supposed to buy flights when website will not let me and no one answers your customer service phone line?!"""
Rant,"""g tlist gg to go crazy hk might wanna check cathay pacific for flights because the last time i checked they were offering good deals! ^^"""
Rant,"""hame on you @cathaypacific . no compassion following my fathers death. no service. totally appalled."""
Rant,"""hin bruising cx173 hk to adl 18 dec. staff walked into media console bruising leg 15 times. refund! @cathaypacific T_URL"""
Rant,"""houtout to @cathaypacific for the better seat on cx709!"""
Rant,"""leep? rt @bryanmmoore i love @cathaypacific but what will i do for another 14 hours on the airplane without wifi T_NEG_EMO(( tweet me suggestions?"""
Rant,"""o @cathaypacific say i can either wait *10 hours* for the next flight or run - with my bags - to catch a flight leaving from t7 in 25..."""
Rant,"""o @cathaypacific were totally unprepared for dealing with missed connections; not sure why. net effect is four hour delay into las vegas..."""
Rant,"""o the cathay pacific counters are not open for the next 2 hours and there is no food..."""
Rant,"""omehow hkers right to abode is being eroded. not cool. cathay pacific aiding as well not cool"""
Rant,"""tellar service today from @cathaypacific in lhr departures. lots of flexibility in problem solving. human - not system - dictated. so great"""
Rant,"""till lol about the time at cathay pacific i was drunk yelling ""crab rangoons are the only thing that i care about right now"" at @preslyfe _暲_暲_砬暲_暲_暲__鋾繽_暲_"""
Rant,"""tone the crows: fourth (so far) delay to @cathaypacific mnl to hkg (cx918). no explanation given for why this flight never leaves on time."""
Rant,"""top the presses: second (so far) delay to @cathaypacific mnl to hkg (cx918). this flight had been delayed *100%* of the times i've taken it"""
Rant,"""tuck on tarmac at lhr @cathaypacific cabin crew taking good care of passengers on cx238 a credit to the airline."""
Rant,"""-9 hrs to take off! @cathaypacific @anjulielatta T_URL"""
Rant,"""errible service from @cathaypacific oversold pr econ seats and cannot sit wife and me together"""
Rant,"""hank you @cathaypacific for making my day. you get a lot of bad press.. but i asked a favour today and you granted my wish! thanks _暲_暲_砬暲_暲__暲_暲_暲_暲_暲_暲_暲_暲__暲_暲_暲_暲_暲_暲_暲_暲_暲_暲_尗鋾繽_砬暲_暲_砺_暲_暲_砬暲_暲__暲_暲__暲_暲_暲__暲_暲_暲_暲_暲_暲_暲_暲_暲_暲_尗鋾繽_砬暲_暲_砺"""
Rant,"""hank you @cathaypacific for the premium economy upgrade! T_URL"""
Rant,"""hank you @cathaypacific for your problem solving. we are looking forward to travel again with next year"""
Rant,"""hank you to @cathaypacific for delaying my flight and making me pay for my connection .... wow , number 1 airline in the world ? no !!!"""
Rant,"""hank you very much @cathaypacific for finding my bag! really appreciate how quick you found it T_POS_EMO you should still improve hkgmnl svc tho"""
Rant,"""hanks @airasia for getting me to kl on time @gixerd left in hong kong as @cathaypacific flight badly delayed"""
Rant,"""hanks @cathaypacific for the help in finding my dads camera. really appreciate rapid response and communication from the team. fantastic."""
Rant,"""hanks @cathaypacific i just received renewal marcopolo card. nice 2 c u appreciate tenured customers with status. always cathay yyz-hkg!"""
Rant,"""hanks @cathaypacific your staff gave me this bag saving me $100 overweight luggage charge T_URL"""
Rant,"""hanks a lot i asked you to book my return flight for today, not april 21, 2015! just glad cathay pacific changed it."""
Rant,"""hanks for yet another free upgrade, @cathaypacific!"""
Rant,"""hanks for your bs service @cathaypacific i pay 8k for a flight months in advance to not sit with the person i booked it with"""
Rant,"""hanks roni @cathaypacific been traveling with you since i was a kid and plan to keep it that way!"""
Rant,"""hanks to partners @americanair and @cathaypacific for transporting me half way across the world without a hitch"""
Rant,"""hanks to the cathay pacific lady at jfk for not charging me for being 5kg over, sorry i bought literally fifteen books lol"""
Rant,"""hat awkward fucking moment when your sisters flight disappears of the radar and you are left wondering what is going on @cathaypacific"""
Rant,"""he @cathaypacific employee at hkg transfer desk e1 just refused to print a boarding for my code share flight without even looking me up."""
Rant,"""he kids are going to klia for an experience of a lifetime! many thanks to @cathaypacific for making this possible,"""
Rant,"""he longest ive ever waited to checkin with the fewest amount of people infront of me @cathaypacific T_URL"""
Rant,"""he usual drama with @cathaypacific online clitches so cant check-in and operators that are nice but totally lost. frustrated!"""
Rant,"""here is a one letter misspelling on my plane ticket tomorrow. @flighthub and @cathaypacific are both refusing to help. advice?"""
Rant,"""hese @delaynomore keepsake felt bags on @cathaypacific are so cool. T_URL"""
Rant,"""his is such a disaster @cathaypacific!!!!"""
Rant,"""o say i'm excited to be sat in my @cathaypacific business class seat would be a slight understatement!"""
Rant,"""old wife that @cathaypacific does not care about customers. after hkg2tpe, wife agrees."""
Rant,"""ried @cathaypacific premium economy today. was awesome! only joking, it was the worst waste of money ever."""
Rant,"""ried to update my dob in @cathaypacific's portal, but it keeps reverting to the wrong date"""
Rant,"""rying to do a web check in with @cathaypacific web site, and no luck so far T_NEG_EMO"""
Rant,"""rying to track down my time from the auckland cathay pacific half in 2011. my only ever race i did not keep my time. proving tricky..."""
Rant,"""gh. 1:05pm @cathaypacific hkg to lax currently delayed by 90 minutes. las connection will be tight - especially given insane setup of lax."""
Rant,"""pgraded, then downgraded, then upgraded again! @cathaypacific, you put me through so many emotions!暲_暲_暲__暲_暲_暲___ T_URL"""
Rant,"""ait, if you upgrade with points @cathaypacific you do not get the points due from the original booking? say it ain't so."""
Rant,"""ake up @british_airways treat customers better. @cathaypacific sets an example. way ignorant ba staff treated 82 year old parents shocking"""
Rant,"""anna impress that boy who used to fondle you at the mount when you are@ cathay pacific later? well, let me make you irresistible w/makeup_暲_暲_砬暲_暲__暲_嫝鋾繽_韄_暲_暲_砬暲_暲__暲_暲_暲_邃暲_暲_"""
Rant,"""e never complain in when any @cathaypacific cargo is delayed @airliners2 T_URL"""
Rant,"""e would heard good things about @cathaypacific but this whole experience was brutal."""
Rant,"""ell at least im in the lounge. free food. hehehe sorry cathay pacific, i will now proceed to devour everything you will be serving"""
Rant,"""ell i love this cathay pacific credit card, but since it is with bdo, i guess ill have to cancel. after so many years."""
Rant,"""ent to the bank (bdo) to pay my dollar credit card account(cathay pacific american express). they wont accept my... T_URL"""
Rant,"""hat do you know about @cathaypacific ? i always like to learn a bit about someone before i spend 19 consecutive hours with them."""
Rant,"""heels up here's my flight crew on @cathaypacific well maybe not -see you in 15 hours T_URL"""
Rant,"""hen @cathaypacific and @flysaa combine their incompetence the results are astounding. devising a special breed of hell to unleash on both."""
Rant,"""hen they encounter issues such as weather they should turn back like a cathay pacific flight did during a journey around hk in bad"""
Rant,"""hen you ask a teacher for help &amp; say yes but never do it : 暲_暲_暲__暲_暲_暲__暲_暲_暲_暲_@sethrogen: @cathaypacific aaaaand no response. thanks guys!!!暲_暲_暲__暲_暲_暲__暲_暲_暲__"""
Rant,"""hen you travel with @cathaypacific they make you wait 12 hours at the airport (originally meant to be 4hours) with no compensation. bravo!"""
Rant,"""here do i get updates about cathay pacific airlines tho? i need to be updated whether they will cancel flights or nah"""
Rant,"""hich airline according to you is the best that you have travelled in? 暲_暲_暲__暲_暲_暲__暲_暲_憩 either cathay pacific or sqT_POS_EMO T_URL"""
Rant,"""hy 1 month is not enough for @cathaypacific baggage service to respond for myemail?! even customer service forwarded my message 2 weeks ago."""
Rant,"""hy are there no direct flights to jfk from yvr for all of december i am so upset with u @cathaypacific"""
Rant,"""inter holiday finally booked. cannot wait to fly with @cathaypacific again! T_URL"""
Rant,"""ish there were more airlines like @cathaypacific recently took a flight from hkg to jfk and was astounded by the amazing customer service!"""
Rant,"""ould you believe it if i told you this a picture of @cathaypacific business class? yep, they are in暲_暲_暲__暲_暲_暲___ T_URL"""
Rant,"""ow the worst treatment of business passengers ever by @cathaypacific in - will never fly with again!"""
Rant,"""reaking terrible vengeance on @cathaypacific by eating all their snacks. all. of. them."""
Rant,"""ikes! cathay pacific charges 60 us $ per kg for excess luggage. what a ripoff!"""
Rant,"""暲_暲_暲__暲_暲_暲_暲_@alanpearlstein: dear ceo of every domestic airline: fly @cathaypacific once, come back home and make your airline do everything they do!暲_暲_暲__暲_暲_暲__暲_暲_暲__"""
Rant,"""暲_暲_暲__暲_暲_暲_暲_@pingpongplayaa: @asholles cathay pacific would be a better option if flying to far east暲_暲_暲__暲_暲_暲__暲_暲_暲__ @iamjujun"""
Rant,"""暲_暲_砬暲_暲_暲_暲_暲_暲_憩 @cathaypacific disappointed in the lack of service received at bkk cathay lounge. i expect more from a respected airline."""
Rant,""" in the @cathaypacific has been changed after 30years T_URL """